layer,head,query,key,overlap,baseline_loss,intervened_loss,delta_loss,n_intervened,context_length
0,10,761,727,0.75,12.5,12.5,0.0,1,1024
0,11,554,552,0.75,12.5,12.5,0.0,1,1024
0,10,747,740,0.699999988079071,12.5,12.5,0.0,1,1024
0,23,971,936,0.6914893388748169,12.5,12.5,0.0,1,1024
0,23,726,94,0.6904761791229248,12.5,12.5,0.0,1,1024
0,23,813,438,0.6830986142158508,12.5,12.5,0.0,1,1024
0,4,720,707,0.6759259104728699,12.5,12.5,0.0,1,1024
0,11,934,932,0.6666666865348816,12.5,12.5,0.0,1,1024
0,23,679,550,0.6666666865348816,12.5,12.5,0.0,1,1024
0,10,637,635,0.6666666865348816,12.5,12.5,0.0,1,1024
0,23,837,686,0.6666666865348816,12.5,12.5,0.0,1,1024
0,14,911,232,0.6610169410705566,12.5,12.5,0.0,1,1024
0,14,906,672,0.6610169410705566,12.5,12.5,0.0,1,1024
0,0,900,823,0.6565656661987305,12.5,12.5,0.0,1,1024
0,20,869,475,0.6559139490127563,12.5,12.5,0.0,1,1024
0,27,922,363,0.6557376980781555,12.5,12.5,0.0,1,1024
0,23,672,254,0.6516854166984558,12.5,12.5,0.0,1,1024
0,23,707,437,0.6470588445663452,12.5,12.5,0.0,1,1024
0,10,792,779,0.6470588445663452,12.5,12.5,0.0,1,1024
0,10,741,738,0.6470588445663452,12.5,12.5,0.0,1,1024
0,10,741,735,0.6470588445663452,12.5,12.5,0.0,1,1024
0,13,702,692,0.6428571343421936,12.5,12.5,0.0,1,1024
0,10,921,911,0.6428571343421936,12.5,12.5,0.0,1,1024
0,18,845,774,0.6424580812454224,12.5,12.5,0.0,1,1024
0,23,973,130,0.6395348906517029,12.5,12.5,0.0,1,1024
0,1,548,530,0.637499988079071,12.5,12.5,0.0,1,1024
0,15,519,395,0.6363636255264282,12.5,12.5,0.0,1,1024
0,23,601,510,0.6323529481887817,12.5,12.5,0.0,1,1024
0,7,840,740,0.6321243643760681,12.5,12.5,0.0,1,1024
0,13,669,638,0.6292135119438171,12.5,12.5,0.0,1,1024
0,23,900,823,0.6288659572601318,12.5,12.5,0.0,1,1024
0,21,555,519,0.6283186078071594,12.5,12.5,0.0,1,1024
0,9,861,803,0.6269841194152832,12.5,12.5,0.0,1,1024
0,0,822,814,0.6267605423927307,12.5,12.5,0.0,1,1024
0,28,837,550,0.6264367699623108,12.5,12.5,0.0,1,1024
0,12,1012,969,0.625,12.5,12.5,0.0,1,1024
0,6,1011,787,0.625,12.5,12.5,0.0,1,1024
0,28,664,633,0.6240000128746033,12.5,12.5,0.0,1,1024
0,24,683,662,0.6229507923126221,12.5,12.5,0.0,1,1024
0,23,713,681,0.6229507923126221,12.5,12.5,0.0,1,1024
0,9,795,660,0.6226415038108826,12.5,12.5,0.0,1,1024
0,17,753,719,0.6224489808082581,12.5,12.5,0.0,1,1024
0,15,754,615,0.6220472455024719,12.5,12.5,0.0,1,1024
0,28,577,528,0.6213592290878296,12.5,12.5,0.0,1,1024
0,27,908,886,0.6206896305084229,12.5,12.5,0.0,1,1024
0,28,684,677,0.6204379796981812,12.5,12.5,0.0,1,1024
0,26,886,878,0.6204081773757935,12.5,12.5,0.0,1,1024
0,26,578,427,0.6193548440933228,12.5,12.5,0.0,1,1024
0,28,558,536,0.6168224215507507,12.5,12.5,0.0,1,1024
0,18,854,846,0.6153846383094788,12.5,12.5,0.0,1,1024
0,0,858,855,0.6153846383094788,12.5,12.5,0.0,1,1024
0,27,868,850,0.6153846383094788,12.5,12.5,0.0,1,1024
0,28,709,581,0.6153846383094788,12.5,12.5,0.0,1,1024
0,23,933,792,0.6132075190544128,12.5,12.5,0.0,1,1024
0,24,844,840,0.6129032373428345,12.5,12.5,0.0,1,1024
0,30,836,709,0.6124030947685242,12.5,12.5,0.0,1,1024
0,30,836,821,0.6124030947685242,12.5,12.5,0.0,1,1024
0,2,906,856,0.6111111044883728,12.5,12.5,0.0,1,1024
0,10,1008,1001,0.6111111044883728,12.5,12.5,0.0,1,1024
0,13,934,893,0.6111111044883728,12.5,12.5,0.0,1,1024
0,24,774,772,0.6111111044883728,12.5,12.5,0.0,1,1024
0,1,961,905,0.6100000143051147,12.5,12.5,0.0,1,1024
0,30,990,865,0.6091370582580566,12.5,12.5,0.0,1,1024
0,18,739,705,0.6082473993301392,12.5,12.5,0.0,1,1024
16,4,568,0,1.0,12.5,12.5,0.0,1,1024
16,7,557,0,1.0,12.5,12.5,0.0,1,1024
16,21,946,0,1.0,12.5,12.5,0.0,1,1024
16,15,514,0,1.0,12.5,12.5,0.0,1,1024
16,8,948,0,1.0,12.5,12.5,0.0,1,1024
16,17,828,0,1.0,12.5,12.5,0.0,1,1024
16,14,595,0,1.0,12.5,12.5,0.0,1,1024
16,27,660,59,1.0,12.5,12.5,0.0,1,1024
16,14,1006,0,1.0,12.5,12.5,0.0,1,1024
16,19,976,0,1.0,12.5,12.5,0.0,1,1024
16,31,552,0,1.0,12.5,12.5,0.0,1,1024
16,11,887,0,1.0,12.5,12.5,0.0,1,1024
16,17,920,0,1.0,12.5,12.5,0.0,1,1024
16,3,818,0,1.0,12.5,12.5,0.0,1,1024
16,9,622,0,1.0,12.5,12.5,0.0,1,1024
16,27,527,349,1.0,12.5,12.5,0.0,1,1024
16,11,707,0,1.0,12.5,12.5,0.0,1,1024
16,0,870,0,1.0,12.5,12.5,0.0,1,1024
16,27,873,0,1.0,12.5,12.5,0.0,1,1024
16,23,934,0,1.0,12.5,12.5,0.0,1,1024
16,10,575,0,1.0,12.5,12.5,0.0,1,1024
16,28,587,0,1.0,12.5,12.5,0.0,1,1024
16,19,632,0,1.0,12.5,12.5,0.0,1,1024
16,4,908,0,1.0,12.5,12.5,0.0,1,1024
16,4,854,333,1.0,12.5,12.5,0.0,1,1024
16,8,514,0,1.0,12.5,12.5,0.0,1,1024
16,29,520,0,1.0,12.5,12.5,0.0,1,1024
16,17,1019,0,1.0,12.5,12.5,0.0,1,1024
16,4,804,333,1.0,12.5,12.5,0.0,1,1024
16,2,961,0,1.0,12.5,12.5,0.0,1,1024
16,17,596,0,1.0,12.5,12.5,0.0,1,1024
16,19,605,0,1.0,12.5,12.5,0.0,1,1024
16,8,880,0,1.0,12.5,12.5,0.0,1,1024
16,4,662,0,1.0,12.5,12.5,0.0,1,1024
16,21,1011,0,1.0,12.5,12.5,0.0,1,1024
16,19,606,0,1.0,12.5,12.5,0.0,1,1024
16,17,780,0,1.0,12.5,12.5,0.0,1,1024
16,17,882,0,1.0,12.5,12.5,0.0,1,1024
16,24,801,0,1.0,12.5,12.5,0.0,1,1024
16,8,899,0,1.0,12.5,12.5,0.0,1,1024
16,13,984,0,1.0,12.5,12.5,0.0,1,1024
16,16,993,0,1.0,12.5,12.5,0.0,1,1024
16,0,529,0,1.0,12.5,12.5,0.0,1,1024
16,25,695,0,1.0,12.5,12.5,0.0,1,1024
16,28,847,0,1.0,12.5,12.5,0.0,1,1024
16,30,647,0,1.0,12.5,12.5,0.0,1,1024
16,29,950,0,1.0,12.5,12.5,0.0,1,1024
16,31,978,0,1.0,12.5,12.5,0.0,1,1024
16,7,620,59,1.0,12.5,12.5,0.0,1,1024
16,15,961,0,1.0,12.5,12.5,0.0,1,1024
16,23,841,0,1.0,12.5,12.5,0.0,1,1024
16,28,842,0,1.0,12.5,12.5,0.0,1,1024
16,2,891,0,1.0,12.5,12.5,0.0,1,1024
16,20,885,0,1.0,12.5,12.5,0.0,1,1024
16,17,912,0,1.0,12.5,12.5,0.0,1,1024
16,3,909,0,1.0,12.5,12.5,0.0,1,1024
16,27,919,349,1.0,12.5,12.5,0.0,1,1024
16,3,513,0,1.0,12.5,12.5,0.0,1,1024
16,6,732,0,1.0,12.5,12.5,0.0,1,1024
16,23,744,0,1.0,12.5,12.5,0.0,1,1024
16,0,619,0,1.0,12.5,12.5,0.0,1,1024
16,31,1016,0,1.0,12.5,12.5,0.0,1,1024
16,29,965,0,1.0,12.5,12.5,0.0,1,1024
16,20,713,0,1.0,12.5,12.5,0.0,1,1024
31,13,580,0,1.0,12.5,12.5,0.0,1,1024
31,13,698,0,1.0,12.5,12.5,0.0,1,1024
31,1,616,0,1.0,12.5,12.5,0.0,1,1024
31,17,700,0,1.0,12.5,12.5,0.0,1,1024
31,31,756,0,1.0,12.5,12.5,0.0,1,1024
31,6,872,0,1.0,12.5,12.5,0.0,1,1024
31,17,666,0,1.0,12.5,12.5,0.0,1,1024
31,1,670,0,1.0,12.5,12.5,0.0,1,1024
31,29,901,183,1.0,12.5,12.5,0.0,1,1024
31,29,572,54,1.0,12.5,12.5,0.0,1,1024
31,1,514,0,1.0,12.5,12.5,0.0,1,1024
31,26,990,45,1.0,12.5,12.5,0.0,1,1024
31,22,714,0,1.0,12.5,12.5,0.0,1,1024
31,25,739,0,1.0,12.5,12.5,0.0,1,1024
31,31,544,0,1.0,12.5,12.5,0.0,1,1024
31,5,1007,0,1.0,12.5,12.5,0.0,1,1024
31,9,916,597,1.0,12.5,12.5,0.0,1,1024
31,6,774,0,1.0,12.5,12.5,0.0,1,1024
31,9,613,597,1.0,12.5,12.5,0.0,1,1024
31,6,560,4,1.0,12.5,12.5,0.0,1,1024
31,27,577,0,1.0,12.5,12.5,0.0,1,1024
31,22,788,110,1.0,12.5,12.5,0.0,1,1024
31,4,1010,0,1.0,12.5,12.5,0.0,1,1024
31,19,942,0,1.0,12.5,12.5,0.0,1,1024
31,4,983,0,1.0,12.5,12.5,0.0,1,1024
31,25,665,0,1.0,12.5,12.5,0.0,1,1024
31,17,710,0,1.0,12.5,12.5,0.0,1,1024
31,17,1005,0,1.0,12.5,12.5,0.0,1,1024
31,28,622,0,1.0,12.5,12.5,0.0,1,1024
31,31,735,0,1.0,12.5,12.5,0.0,1,1024
31,22,902,54,1.0,12.5,12.5,0.0,1,1024
31,12,655,458,1.0,12.5,12.5,0.0,1,1024
31,6,712,0,1.0,12.5,12.5,0.0,1,1024
31,14,610,241,1.0,12.5,12.5,0.0,1,1024
31,1,673,0,1.0,12.5,12.5,0.0,1,1024
31,27,617,0,1.0,12.5,12.5,0.0,1,1024
31,6,707,0,1.0,12.5,12.5,0.0,1,1024
31,16,851,4,1.0,12.5,12.5,0.0,1,1024
31,27,1011,0,1.0,12.5,12.5,0.0,1,1024
31,2,587,565,1.0,12.5,12.5,0.0,1,1024
31,6,587,0,1.0,12.5,12.5,0.0,1,1024
31,18,698,183,1.0,12.5,12.5,0.0,1,1024
31,8,786,0,1.0,12.5,12.5,0.0,1,1024
31,21,831,822,1.0,12.5,12.5,0.0,1,1024
31,6,771,0,1.0,12.5,12.5,0.0,1,1024
31,20,953,0,1.0,12.5,12.5,0.0,1,1024
31,19,996,0,1.0,12.5,12.5,0.0,1,1024
31,11,569,0,1.0,12.5,12.5,0.0,1,1024
31,2,753,608,1.0,12.5,12.5,0.0,1,1024
31,19,995,4,1.0,12.5,12.5,0.0,1,1024
31,12,678,565,1.0,12.5,12.5,0.0,1,1024
31,3,788,183,1.0,12.5,12.5,0.0,1,1024
31,5,827,0,1.0,12.5,12.5,0.0,1,1024
31,10,606,0,1.0,12.5,12.5,0.0,1,1024
31,20,601,0,1.0,12.5,12.5,0.0,1,1024
31,22,990,157,1.0,12.5,12.5,0.0,1,1024
31,6,932,0,1.0,12.5,12.5,0.0,1,1024
31,16,528,0,1.0,12.5,12.5,0.0,1,1024
31,16,990,0,1.0,12.5,12.5,0.0,1,1024
31,13,653,0,1.0,12.5,12.5,0.0,1,1024
31,31,562,0,1.0,12.5,12.5,0.0,1,1024
31,16,756,4,1.0,12.5,12.5,0.0,1,1024
31,13,1009,0,1.0,12.5,12.5,0.0,1,1024
31,2,887,597,1.0,12.5,12.5,0.0,1,1024
