variant,context_length,batch_size,dtype,attention_impl,position,n_layer,n_head,n_embd,partition_size,n_relays,cross_k,analytic_params_m,dense_causal_edges,crpa_edges_upper_bound,sparsity_ratio_upper_bound,edges_per_query,latency_ms_median,latency_ms_mean,latency_ms_min,latency_ms_max,tokens_per_forward,tokens_per_sec,n_warmup,n_iters,allocated_mb,reserved_mb,peak_allocated_mb,peak_reserved_mb,actual_params_m,status
dense,4096,1,bfloat16,sparse_gather,rope,14,12,768,512,32,8,137.786112,8390656.0,2392064,0.28508664876739076,552,13.494639873504639,13.434291172027589,12.977919578552246,13.583776473999023,4096,303527.92207831214,5,10,307.470336,853.540864,731.760128,853.540864,137.786112,completed
sliding,4096,1,bfloat16,sparse_gather,rope,14,12,768,512,32,8,137.786112,8390656.0,2392064,0.28508664876739076,552,19.78159999847412,19.800991821289063,19.701663970947266,19.962751388549805,4096,207061.10730759648,5,10,542.089216,1205.8624,966.379008,1205.8624,137.786112,completed
crpa_contribution,4096,1,bfloat16,sparse_gather,rope,14,12,768,512,32,8,137.786112,8390656.0,2392064,0.28508664876739076,552,31.572063446044922,31.573420524597168,31.482175827026367,31.643936157226562,4096,129734.94770146586,5,10,312.971264,1182.793728,737.261568,1182.793728,138.829056,completed
dense,8192,1,bfloat16,sparse_gather,rope,14,12,768,512,32,8,137.786112,33558528.0,4784128,0.1425607225680459,552,30.828479766845703,30.824700927734376,30.672800064086914,30.954336166381836,8192,265728.3155691003,5,10,321.921024,1377.828864,1171.26912,1377.828864,137.786112,completed
sliding,8192,1,bfloat16,sparse_gather,rope,14,12,768,512,32,8,137.786112,33558528.0,4784128,0.1425607225680459,552,63.98713684082031,63.97339515686035,63.75539016723633,64.20764923095703,8192,128025.7314900508,5,10,1261.44512,2887.778304,2110.793216,2887.778304,137.786112,completed
crpa_contribution,8192,1,bfloat16,sparse_gather,rope,14,12,768,512,32,8,137.786112,33558528.0,4784128,0.1425607225680459,552,60.44559860229492,60.4290584564209,60.28428649902344,60.535423278808594,8192,135526.8239446135,5,10,331.375616,1837.105152,1180.724224,1837.105152,138.839808,completed
dense,16384,1,bfloat16,sparse_gather,rope,14,12,768,512,32,8,137.786112,134225920.0,9568256,0.07128471162648764,552,74.79593276977539,74.86322860717773,74.5654067993164,75.19590759277344,16384,219049.34390524347,5,10,352.657408,2399.141888,2049.811968,2399.141888,137.786112,completed
sliding,16384,1,bfloat16,sparse_gather,rope,14,12,768,512,32,8,137.786112,134225920.0,9568256,0.07128471162648764,552,222.94290924072266,223.04742889404298,222.25523376464844,223.710205078125,16384,73489.66628182541,5,10,4110.753792,7260.340224,6921.069056,7260.340224,137.786112,completed
crpa_contribution,16384,1,bfloat16,sparse_gather,rope,14,12,768,512,32,8,137.786112,134225920.0,9568256,0.07128471162648764,552,120.17364883422852,120.23178939819336,120.1270751953125,120.45814514160156,16384,136336.04503929667,5,10,369.49504,2921.332736,2066.650112,2921.332736,138.861312,completed
